time,level,setpoint,inflow,error
0.0,30.0,50.0,3.4,20.0
1.0,32.91161794519106,50.0,2.3050249493175197,17.08838205480894
2.0,34.75217931518716,50.0,2.4794780547739146,15.247820684812837
3.0,36.722172675117534,50.0,2.5415636657818133,13.277827324882466
4.0,38.788009259889925,50.0,2.5544276608646745,11.211990740110075
5.0,40.7849335367817,50.0,2.542482177833894,9.2150664632183
6.0,42.853198599566234,50.0,2.4750246602694776,7.146801400433766
7.0,44.87208352866395,50.0,2.378163503470768,5.12791647133605
8.0,46.74758478814255,50.0,2.262830865241013,3.2524152118574534
9.0,48.56589593362841,50.0,2.1125413377194953,1.4341040663715887
10.0,50.14980797265588,50.0,1.9628739296865512,-0.14980797265587853
11.0,51.60531108304359,50.0,1.7916378434188964,-1.6053110830435884
12.0,52.8214863981319,50.0,1.6255569737123963,-2.8214863981319027
13.0,53.96497727875061,50.0,1.4355425617989939,-3.9649772787506095
14.0,54.896583719601274,50.0,1.2550444653103041,-4.896583719601274
15.0,55.586296999602,50.0,1.0864418553606887,-5.586296999601998
16.0,56.17085376854699,50.0,0.9098269286480362,-6.170853768546991
17.0,56.51171532717437,50.0,0.7576912267576912,-6.511715327174372
18.0,56.80281698292968,50.0,0.5950127166671707,-6.802816982929677
19.0,56.850113053373285,50.0,0.46547112782092914,-6.850113053373285
20.0,56.79779832917417,50.0,0.3397271733894933,-6.797798329174171
21.0,56.613644325687446,50.0,0.23246165118879736,-6.613644325687446
22.0,56.3270027506303,50.0,0.1397101322604271,-6.3270027506302995
23.0,56.00160945287899,50.0,0.054154859112686735,-6.001609452878988
24.0,55.50719756960643,50.0,0.0019030253238758073,-5.507197569606433
25.0,55.055115359564596,50.0,0.0,-5.055115359564596
26.0,54.58010391963821,50.0,0.0,-4.580103919638212
27.0,54.16623419016042,50.0,0.0,-4.1662341901604165
28.0,53.69050990677406,50.0,0.0,-3.6905099067740608
29.0,53.1344232496013,50.0,0.0,-3.134423249601298
30.0,52.628120348883286,50.0,0.0,-2.628120348883286
31.0,52.051110800485866,50.0,0.0202140712139951,-2.0511108004858656
32.0,51.53541279364769,50.0,0.03801003894689715,-1.5354127936476871
33.0,51.06944146756242,50.0,0.060732008166529836,-1.0694414675624202
34.0,50.730887831120036,50.0,0.07359873070622341,-0.730887831120036
35.0,50.30923439198415,50.0,0.11373437691480441,-0.30923439198414826
36.0,49.91539657751714,50.0,0.15341944557771797,0.08460342248285713
37.0,49.61410304584971,50.0,0.18663952368748846,0.38589695415029013
38.0,49.295343056584265,50.0,0.2334819843622482,0.7046569434157348
39.0,49.09871049800176,50.0,0.26506465872631696,0.9012895019982423
40.0,48.92183751829586,50.0,0.30332722738715906,1.0781624817041404
41.0,48.724087735633574,50.0,0.3496642910885355,1.2759122643664256
42.0,48.51824454177324,50.0,0.40028839019900614,1.4817554582267576
43.0,48.42510385344905,50.0,0.43546525668563707,1.5748961465509481
44.0,48.395163315749244,50.0,0.467396036609414,1.6048366842507562
45.0,48.457679738804394,50.0,0.48736795149006307,1.5423202611956057
46.0,48.47366369709251,50.0,0.5186229049577528,1.5263363029074881
47.0,48.43441652170343,50.0,0.5566208487464518,1.565583478296567
48.0,48.62415340815054,50.0,0.5537148888469209,1.3758465918494593
49.0,48.6429377796766,50.0,0.5875253218468353,1.3570622203233995
50.0,48.69294092517852,50.0,0.6071052500942802,1.3070590748214812
51.0,48.80166108566231,50.0,0.6172641615835611,1.1983389143376897
52.0,48.921344825618995,50.0,0.626320712101868,1.078655174381005
53.0,49.01951760214647,50.0,0.6371886305776514,0.9804823978535282
54.0,49.05393858875492,50.0,0.65585534963766,0.9460614112450827
55.0,49.16957234480168,50.0,0.6568398886650345,0.8304276551983207
56.0,49.2753266807981,50.0,0.6612518924519472,0.7246733192018979
57.0,49.44769749724283,50.0,0.6517300368402027,0.552302502757172
58.0,49.57622164757195,50.0,0.649545522161632,0.4237783524280516
59.0,49.69583749729785,50.0,0.6441126022732455,0.3041625027021482
60.0,49.84628280516327,50.0,0.6306009424764625,0.1537171948367302
61.0,49.97404743950672,50.0,0.6194775639280816,0.02595256049328043
62.0,50.07384254199559,50.0,0.6094196794320119,-0.07384254199558882
63.0,50.22211550942837,50.0,0.5877261792529708,-0.22211550942837022
64.0,50.28795447621408,50.0,0.5795048930824713,-0.28795447621408243
65.0,50.33699539194685,50.0,0.5687007962229048,-0.33699539194685
66.0,50.40442575623753,50.0,0.5529497722411907,-0.4044257562375293
67.0,50.46053953538133,50.0,0.5386934328765282,-0.4605395353813293
68.0,50.49577277668223,50.0,0.5262986801049384,-0.4957727766822302
69.0,50.54099933974838,50.0,0.5104563709150931,-0.5409993397483817
70.0,50.570852748616396,50.0,0.4968226327658706,-0.5708527486163959
71.0,50.504460663774424,50.0,0.49818490266007864,-0.5044606637744238
72.0,50.52511211468559,50.0,0.48126533848759323,-0.5251121146855908
73.0,50.465922983569115,50.0,0.48185782102924063,-0.465922983569115
74.0,50.43231720865242,50.0,0.4752928865378725,-0.43231720865242096
75.0,50.44028755467512,50.0,0.46361129479512997,-0.44028755467512326
76.0,50.49200846446154,50.0,0.44641150633907156,-0.49200846446154145
77.0,50.439343435575026,50.0,0.4481104374498693,-0.43934343557502586
78.0,50.40916816943347,50.0,0.44182011253810727,-0.409168169433471
79.0,50.471291015866925,50.0,0.42156710194867303,-0.47129101586692457
80.0,50.41720472674025,50.0,0.42444209310454156,-0.4172047267402519
81.0,50.35221399145913,50.0,0.4244421091111935,-0.3522139914591307
82.0,50.19825472049267,50.0,0.44032136858225307,-0.19825472049267034
83.0,50.093605116252476,50.0,0.44644874334490964,-0.09360511625247625
84.0,50.05270680330216,50.0,0.44629687400940454,-0.05270680330215782
85.0,49.87496713602,50.0,0.4734135657338128,0.12503286398000313
86.0,49.8285873399036,50.0,0.47491180498909247,0.17141266009640077
87.0,49.760145107314735,50.0,0.4876562479253076,0.2398548926852655
88.0,49.73147184574339,50.0,0.49390568861669776,0.26852815425660737
89.0,49.720223983910806,50.0,0.4997547251348025,0.279776016089194
90.0,49.718718704419324,50.0,0.5050437498785091,0.28128129558067627
91.0,49.757358626850866,50.0,0.5040253250021862,0.2426413731491337
92.0,49.862158095456046,50.0,0.4929942389238656,0.13784190454395429
93.0,49.850245703136906,50.0,0.5030161571392574,0.14975429686309383
94.0,49.78244949866744,50.0,0.5169409782203715,0.2175505013325605
95.0,49.83266065262318,50.0,0.5093662818510731,0.16733934737681722
96.0,49.867779187006,50.0,0.5092534756513176,0.13222081299399946
97.0,49.943644400785644,50.0,0.5007567322877992,0.05635559921435629
98.0,49.93652620151937,50.0,0.5068871988363348,0.06347379848062928
99.0,49.88287432647687,50.0,0.5169215835998583,0.11712567352312675
100.0,49.9671538494872,50.0,0.502253984406441,0.03284615051280326
101.0,49.93569347508136,50.0,0.5124731472162058,0.06430652491864208
102.0,50.00903387033755,50.0,0.4997183918007347,-0.009033870337546546
103.0,50.01274081288179,50.0,0.5025745539242722,-0.012740812881787633
104.0,50.030400636232024,50.0,0.4995029148243083,-0.030400636232023714
105.0,50.0367094625774,50.0,0.4987053927884659,-0.03670946257739871
106.0,50.04859468694653,50.0,0.4962661567114345,-0.048594686946529464
107.0,50.06323178526038,50.0,0.49340021747760626,-0.06323178526037765
108.0,50.032102036170095,50.0,0.49815949403343923,-0.03210203617009455
109.0,49.979045089491024,50.0,0.5049806467909653,0.020954910508976354
110.0,49.932382237065134,50.0,0.5106795825795925,0.06761776293486577
111.0,49.98138869455308,50.0,0.5013676974440441,0.01861130544691747
112.0,50.00087464128838,50.0,0.5008776354823798,-0.0008746412883766652
113.0,49.999677106027384,50.0,0.5020380209877456,0.00032289397261564545
114.0,50.0063120671529,50.0,0.500856658712811,-0.006312067152897782
115.0,49.93422396165634,50.0,0.5133171433604431,0.06577603834365675
116.0,49.91543239776296,50.0,0.5142228247143631,0.08456760223703697
117.0,49.88684513863051,50.0,0.5198344326169515,0.11315486136948749
118.0,49.963707938146854,50.0,0.5076014909699406,0.03629206185314615
119.0,50.006035977998586,50.0,0.5049747054080261,-0.006035977998585906
120.0,50.06188008297138,50.0,0.49747688999526646,-0.0618800829713777
121.0,50.014241643206034,50.0,0.5071300283445869,-0.014241643206034382
122.0,49.958396424652435,50.0,0.513956960646311,0.041603575347565425
123.0,49.96845419784726,50.0,0.5102869497824623,0.03154580215274194
124.0,49.99128126719388,50.0,0.5075401526963331,0.008718732806123342
125.0,50.05636250068485,50.0,0.4977920711263214,-0.05636250068484827
126.0,50.118068624960216,50.0,0.48942884166036044,-0.11806862496021608
127.0,50.10132514909018,50.0,0.4929991662728308,-0.10132514909017942
128.0,50.08654003999171,50.0,0.49264895804426506,-0.08654003999171067
129.0,50.09870118123066,50.0,0.4881115077788861,-0.09870118123065907
130.0,50.10792663885659,50.0,0.4851772134198122,-0.10792663885658982
131.0,50.14235217104413,50.0,0.47762761305209495,-0.14235217104413067
132.0,50.131562042974025,50.0,0.4783361680125074,-0.13156204297402496
133.0,50.09865035227043,50.0,0.4807604081691323,-0.0986503522704325
134.0,50.11390741185804,50.0,0.47454811645865125,-0.11390741185803677
135.0,50.081779267516,50.0,0.47849460573901736,-0.08177926751599784
136.0,49.99688199072837,50.0,0.48968515022549236,0.0031180092716311947
137.0,49.94372724247814,50.0,0.4945389537740825,0.05627275752186023
138.0,49.90428068478569,50.0,0.4997125863197248,0.09571931521431054
139.0,49.82542373936011,50.0,0.5130603254617367,0.1745762606398884
140.0,49.893446215548444,50.0,0.5010451824512392,0.10655378445155606
141.0,49.84791472281819,50.0,0.5143177357138302,0.1520852771818113
142.0,49.940978807285816,50.0,0.499261972261457,0.05902119271418371
143.0,49.97013930040965,50.0,0.5001383165080706,0.029860699590351203
144.0,50.03194769058527,50.0,0.4916861288262137,-0.031947690585269584
145.0,49.98239441115139,50.0,0.5025616520270489,0.01760558884861041
146.0,50.056119008207894,50.0,0.4879029183327214,-0.05611900820789373
147.0,50.103737383032346,50.0,0.48237164430123186,-0.10373738303234603
148.0,49.99146057772232,50.0,0.5017648722845117,0.008539422277678455
149.0,50.028181054566545,50.0,0.4900793394010461,-0.028181054566545072
150.0,50.0715848835468,50.0,0.48397309122528337,-0.07158488354679804
151.0,50.01967781323372,50.0,0.4935357869565833,-0.019677813233720087
152.0,50.002982143375505,50.0,0.49338514105215164,-0.00298214337550462
153.0,50.10796829988528,50.0,0.4746430680850691,-0.1079682998852789
154.0,50.01667711023735,50.0,0.4932525121529997,-0.016677110237353077
155.0,50.010882727956826,50.0,0.48933945545354596,-0.010882727956825988
156.0,50.034310722694585,50.0,0.484849322674964,-0.03431072269458468
157.0,50.077157360352416,50.0,0.47805057955612895,-0.07715736035241605
158.0,50.029653211472,50.0,0.4867254695416426,-0.029653211472002283
159.0,49.92336731074126,50.0,0.5018258009924076,0.07663268925873723
160.0,49.88663218839186,50.0,0.5042891305404442,0.11336781160814269
161.0,49.93971341489245,50.0,0.49569592215003566,0.06028658510754781
162.0,49.88043231740527,50.0,0.509633501750037,0.11956768259472739
163.0,49.88337780502414,50.0,0.5085600676323652,0.1166221949758608
164.0,49.95107310223799,50.0,0.4995315853864708,0.04892689776200854
165.0,49.94385021604952,50.0,0.5051227788544439,0.05614978395048098
166.0,49.90420623645235,50.0,0.5126241067555481,0.0957937635476469
167.0,49.93038900554742,50.0,0.5081067123004817,0.06961099445258156
168.0,49.928965266154776,50.0,0.5110501063410358,0.07103473384522374
169.0,49.95268504821514,50.0,0.5083672510980467,0.04731495178486256
170.0,50.04663474378986,50.0,0.4945280909890593,-0.0466347437898591
171.0,49.912214274829985,50.0,0.5211443606151769,0.08778572517001493
172.0,49.98284838348288,50.0,0.504171253199591,0.017151616517118384
173.0,50.04536697214395,50.0,0.4974178308901962,-0.045366972143952466
174.0,50.03663619658753,50.0,0.5011206527249625,-0.03663619658752992
175.0,49.99788037943858,50.0,0.5065398789307126,0.002119620561423119
176.0,49.982676758779434,50.0,0.5072290959965479,0.017323241220566388
177.0,49.99387295197958,50.0,0.5049120269439766,0.006127048020417192
178.0,50.06893397698497,50.0,0.4928340033134763,-0.06893397698497239
179.0,50.01982148662064,50.0,0.5035574983859824,-0.01982148662064276
180.0,50.022144865175825,50.0,0.500310469780972,-0.022144865175825146
181.0,50.094382209454004,50.0,0.4877033928779243,-0.09438220945400388
182.0,50.1608144711508,50.0,0.4781341314142977,-0.1608144711508004
183.0,50.04933664192966,50.0,0.4971906860437148,-0.04933664192966347
184.0,50.04621881583674,50.0,0.491160092179862,-0.04621881583673826
185.0,50.088077300275216,50.0,0.4829638822039396,-0.08807730027521643
186.0,50.04690261225461,50.0,0.4902949573838619,-0.04690261225461256
187.0,50.07409108330015,50.0,0.4826761306599987,-0.07409108330014647
188.0,49.96767054774384,50.0,0.5006452235908441,0.0323294522561568
189.0,49.996773185620405,50.0,0.4910233374191364,0.0032268143795946003
190.0,49.89753028448335,50.0,0.5094142987938555,0.10246971551664785
191.0,49.96058458241776,50.0,0.49578231739848655,0.039415417582240764
192.0,50.008271990854524,50.0,0.49161648121260165,-0.008271990854524347
193.0,50.05926142525835,50.0,0.4851672079686993,-0.059261425258348766
194.0,50.03228124819365,50.0,0.4911180812847226,-0.03228124819364808
195.0,50.1114828558799,50.0,0.47565917416095194,-0.11148285587989903
196.0,50.09707091646427,50.0,0.47983962712832373,-0.09707091646426846
197.0,50.151424204156456,50.0,0.46793755292058503,-0.15142420415645574
198.0,50.14603170818764,50.0,0.46854345753676346,-0.14603170818764255
199.0,50.21814737992634,50.0,0.4530935343789909,-0.21814737992634292
200.0,50.17814067578951,50.0,0.45913751007066117,-0.17814067578950699
201.0,50.086135882520225,50.0,0.46921517620380726,-0.08613588252022453
202.0,50.06853910968992,50.0,0.46588367027109,-0.06853910968992238
203.0,50.05017670567475,50.0,0.4667546581183556,-0.050176705674751076
204.0,50.05623752958787,50.0,0.46380266373887213,-0.056237529587868096
205.0,50.039210716001485,50.0,0.46587551265245586,-0.039210716001484514
206.0,49.93336526639338,50.0,0.48223368408648465,0.06663473360661953
207.0,49.953978609713594,50.0,0.4747698379137754,0.046021390286405506
208.0,49.88312393670251,50.0,0.48876622729739855,0.11687606329748945
209.0,49.810034983244094,50.0,0.4999861370007249,0.18996501675590594
210.0,49.839447008375,50.0,0.4951309453906688,0.16055299162500347
211.0,49.867597035897795,50.0,0.49502710180083825,0.1324029641022051
212.0,50.00367941425193,50.0,0.4759486581388198,-0.0036794142519269712
213.0,50.01856605582021,50.0,0.48014845970488,-0.01856605582020876
214.0,50.024320410884876,50.0,0.4795432303058965,-0.0243204108848758
215.0,50.032839649057536,50.0,0.4778962693520802,-0.03283964905753578
216.0,50.05273651946234,50.0,0.4742829703107452,-0.05273651946234281
217.0,49.95393584644475,50.0,0.49101919785472947,0.04606415355524973
218.0,49.88514322901718,50.0,0.4986951922376415,0.11485677098281855
219.0,49.84565976999083,50.0,0.504264884820399,0.15434023000916852
220.0,49.814787144307466,50.0,0.5106258628354369,0.18521285569253365
221.0,49.83424746191157,50.0,0.509478234672421,0.1657525380884266
222.0,49.88930118855141,50.0,0.5044071677856233,0.11069881144859295
223.0,49.84846838427867,50.0,0.5163154070729524,0.151531615721332
224.0,49.87321788927577,50.0,0.5130969833242345,0.1267821107242284
225.0,49.83815782421584,50.0,0.5228303118487625,0.16184217578415883
226.0,49.752033167125596,50.0,0.5389553438167908,0.24796683287440402
227.0,49.867789784270855,50.0,0.5199298227050726,0.13221021572914538
228.0,49.83425448380321,50.0,0.5340628589564187,0.16574551619679312
229.0,49.84239411781131,50.0,0.5343172664755946,0.15760588218869032
230.0,49.85546061941855,50.0,0.5356550605465424,0.144539380581449
231.0,49.88741808396248,50.0,0.5337664042660657,0.1125819160375201
232.0,49.927227131417965,50.0,0.53084837774658,0.07277286858203524
233.0,49.897368445530596,50.0,0.5393702640918479,0.1026315544694043
234.0,49.97519533148586,50.0,0.526699390274473,0.024804668514143202
235.0,49.97471737942738,50.0,0.5311680797924596,0.025282620572617986
236.0,50.100204400163946,50.0,0.5103170410757725,-0.10020440016394616
237.0,50.13957917088656,50.0,0.5078935930864766,-0.13957917088656302
238.0,50.11194757137461,50.0,0.511768120121909,-0.11194757137460698
239.0,50.15360071390466,50.0,0.5010665544887101,-0.1536007139046589
240.0,50.16898244100183,50.0,0.49746230373060035,-0.16898244100183035
241.0,50.18660633409008,50.0,0.49185567944042,-0.18660633409007943
242.0,50.15951742824935,50.0,0.4936098614059546,-0.15951742824935167
243.0,50.1450138524887,50.0,0.4915306754282416,-0.14501385248870236
244.0,50.057063144367305,50.0,0.5028568399710726,-0.057063144367305085
245.0,49.982656260083495,50.0,0.5099672120059044,0.017343739916505285
246.0,49.99572598561041,50.0,0.5043718892504678,0.0042740143895869664
247.0,50.01879919398171,50.0,0.5011884103914855,-0.018799193981706708
248.0,50.098327339682434,50.0,0.4884463021612924,-0.09832733968243446
249.0,50.05240516103685,50.0,0.4982629330224292,-0.052405161036851666
250.0,50.09278937308493,50.0,0.48805340482123916,-0.0927893730849334
251.0,50.021529296000466,50.0,0.500331041066304,-0.021529296000466047
252.0,50.09228484865497,50.0,0.4843090073408057,-0.09228484865496966
253.0,50.05737937969316,50.0,0.49193501772393916,-0.05737937969315965
254.0,49.990709847167494,50.0,0.5003759772113486,0.009290152832505782
255.0,49.940354956270475,50.0,0.5057886350942087,0.059645043729524616
256.0,49.98892544780318,50.0,0.4962068078633879,0.011074552196816967
257.0,50.038321530657115,50.0,0.49045948939879125,-0.03832153065711452
258.0,49.96755953111595,50.0,0.5041924028503432,0.03244046888404739
259.0,49.90639895126475,50.0,0.5117004108256707,0.09360104873525188
260.0,49.9964086800956,50.0,0.495212748906571,0.0035913199044017574
261.0,49.954764600309126,50.0,0.5068645553099017,0.04523539969087409
262.0,49.909688540969725,50.0,0.5133499894020939,0.09031145903027493
263.0,49.924844495713494,50.0,0.5103259033092886,0.07515550428650641
264.0,49.89612769111396,50.0,0.5174686679141278,0.10387230888603938
265.0,49.86342644066103,50.0,0.5236694864388702,0.13657355933897009
266.0,49.891646708845116,50.0,0.5199684495117085,0.10835329115488435
267.0,49.90352894239411,50.0,0.5215265490406813,0.09647105760588914
268.0,49.93613179175523,50.0,0.5185075974788586,0.06386820824477013
269.0,49.89940732729623,50.0,0.5276582630698397,0.10059267270376893
270.0,49.952346798707254,50.0,0.5188341831610913,0.04765320129274642
271.0,49.9362411138479,50.0,0.5251721871835877,0.06375888615210101
272.0,49.95661578174176,50.0,0.5221783871217055,0.04338421825823957
273.0,50.014320133464366,50.0,0.5142550650887204,-0.014320133464366336
274.0,49.95501939768647,50.0,0.5269350050878056,0.044980602313529516
275.0,49.97416395187311,50.0,0.5216150061334528,0.025836048126890887
276.0,49.939839888492514,50.0,0.5289240455800237,0.06016011150748568
277.0,49.89375827819538,50.0,0.5362449183916569,0.1062417218046221
278.0,49.96314049384849,50.0,0.5242706956518631,0.036859506151508015
279.0,49.855196426335574,50.0,0.546827488034745,0.14480357366442576
280.0,49.844217750650046,50.0,0.5461927309989274,0.15578224934995433
281.0,49.91581156285212,50.0,0.5365884941272974,0.08418843714787982
282.0,49.89486523855695,50.0,0.5454128286105372,0.1051347614430469
283.0,49.98154300688196,50.0,0.5317329870093892,0.018456993118043385
284.0,50.043627167855796,50.0,0.5258817079224476,-0.04362716785579579
285.0,50.03456293030721,50.0,0.5296542929972832,-0.03456293030721014
286.0,50.05164680716726,50.0,0.5256055634475013,-0.05164680716725911
287.0,50.072457212025114,50.0,0.5218890523213233,-0.0724572120251139
288.0,50.00775283633452,50.0,0.5324801721911151,-0.007752836334518065
289.0,50.06608138476969,50.0,0.5191740434459159,-0.06608138476968861
290.0,50.08111965102155,50.0,0.5182123379094637,-0.08111965102155239
291.0,50.10905172936922,50.0,0.5125934048825224,-0.10905172936922014
292.0,50.095783676654996,50.0,0.5140645431739396,-0.09578367665499599
293.0,50.14234627200296,50.0,0.5035698257959744,-0.14234627200296046
294.0,50.19958504119406,50.0,0.49332043936082615,-0.19958504119406228
295.0,50.19025383100963,50.0,0.49377698272785386,-0.19025383100962756
296.0,50.23272235031472,50.0,0.4822856973165744,-0.23272235031471666
297.0,50.191119709677444,50.0,0.48682712518387095,-0.1911197096774444
298.0,50.28412558959376,50.0,0.46511359937268415,-0.28412558959376355
299.0,50.19616859633644,50.0,0.4790340704303695,-0.19616859633644168
300.0,50.173283168865225,50.0,0.4746033715108814,-0.17328316886522543
301.0,50.09564642338087,50.0,0.4831916834923564,-0.09564642338087026
302.0,50.10873896316594,50.0,0.47517118598705926,-0.10873896316594056
303.0,50.05459487679848,50.0,0.4828555283954618,-0.05459487679848252
304.0,50.090306966081,50.0,0.47298537136309105,-0.09030696608100186
305.0,50.072531831882344,50.0,0.47598660931936876,-0.07253183188234402
306.0,50.008735947727644,50.0,0.48449251627808804,-0.008735947727643634
307.0,49.92299421753322,50.0,0.4957040972488517,0.07700578246677736
308.0,49.91274554199411,50.0,0.4946994012301149,0.08725445800588716
309.0,49.927474790814294,50.0,0.4934280843138464,0.07252520918570582
310.0,49.86718464753106,50.0,0.505864375296719,0.13281535246893839
311.0,49.82364193579011,50.0,0.5129084361778984,0.17635806420989297
312.0,49.74825725143699,50.0,0.5270738582150786,0.2517427485630108
313.0,49.68379863246435,50.0,0.5392974441940313,0.31620136753564765
314.0,49.70288322047913,50.0,0.5391541606336001,0.29711677952087
315.0,49.78761339332375,50.0,0.5316465962411705,0.21238660667624742
316.0,49.85547836077731,50.0,0.5285937925498215,0.14452163922268824
317.0,49.825103077616134,50.0,0.5400412718443535,0.17489692238386567
318.0,49.767083536550466,50.0,0.5518837681151355,0.2329164634495342
319.0,49.77947582648957,50.0,0.5515344310411946,0.22052417351042664
320.0,49.79909042046307,50.0,0.5532300480328646,0.20090957953693334
321.0,49.80181566545419,50.0,0.5577656776737866,0.19818433454580742
322.0,49.82561200217307,50.0,0.5578202493720504,0.17438799782693337
323.0,49.7857053951794,50.0,0.5692819493534563,0.21429460482060136
324.0,49.84635510408982,50.0,0.5612620605854138,0.15364489591018327
325.0,49.976555699292454,50.0,0.54523334276469,0.02344430070754555
326.0,49.958991473736305,50.0,0.5551981768835182,0.041008526263695444
327.0,49.946557754675446,50.0,0.5572538683713306,0.053442245324553994
328.0,49.985888261410054,50.0,0.5510148411798955,0.014111738589946299
329.0,50.093404245542594,50.0,0.534985883985893,-0.09340424554259386
330.0,50.156923092796305,50.0,0.5276953942485372,-0.1569230927963048
331.0,50.21839029375712,50.0,0.5172834505919586,-0.2183902937571176
332.0,50.246255891707506,50.0,0.5112518531132909,-0.24625589170750573
333.0,50.286185992012264,50.0,0.5009318981248512,-0.286185992012264
334.0,50.410264224184196,50.0,0.47611138383061535,-0.4102642241841963
335.0,50.41091751317712,50.0,0.47399895182673135,-0.4109175131771181
336.0,50.36358865472073,50.0,0.4738591719504212,-0.3635886547207292
337.0,50.34004514986287,50.0,0.46822335175902374,-0.34004514986286694
338.0,50.39557823101197,50.0,0.45080464972352624,-0.3955782310119673
339.0,50.33473279631556,50.0,0.4560134630591306,-0.3347327963155635
340.0,50.263233636835366,50.0,0.45843139250963266,-0.26323363683536627
341.0,50.24113749519432,50.0,0.4533481058778928,-0.24113749519432304
342.0,50.265086810681794,50.0,0.44334916525908413,-0.26508681068179385
343.0,50.2658231448847,50.0,0.4391197180053279,-0.26582314488469905
344.0,50.16605046204212,50.0,0.4508014279010173,-0.16605046204212215
345.0,50.12699233783529,50.0,0.44913166563320744,-0.12699233783528996
346.0,50.0747760769629,50.0,0.45351567701446666,-0.07477607696289823
347.0,50.03076071963412,50.0,0.456891953177482,-0.03076071963411664
348.0,49.978070408440594,50.0,0.4630333238212594,0.021929591559405992
349.0,49.87297888412754,50.0,0.47870295922599043,0.12702111587245923
350.0,49.85807178998479,50.0,0.4785230113320544,0.14192821001520883
351.0,49.7841387736724,50.0,0.4931848335983271,0.21586122632759697
352.0,49.747831340010755,50.0,0.4999776710317397,0.25216865998924476
353.0,49.75783845126973,50.0,0.501504463634417,0.24216154873027307
354.0,49.81468402821092,50.0,0.49718430209196834,0.18531597178908044
355.0,49.84476945252494,50.0,0.4986183782414255,0.15523054747505682
356.0,49.8107818504285,50.0,0.5090051527630236,0.18921814957150218
357.0,49.79988985098769,50.0,0.5129417755545688,0.2001101490123105
358.0,49.82736636871662,50.0,0.5117283705488568,0.17263363128338227
359.0,49.79624599771153,50.0,0.5218453321318357,0.20375400228846985
360.0,49.79810474937414,50.0,0.5240484058447071,0.20189525062586
361.0,49.72538769732312,50.0,0.5405411472890279,0.27461230267687853
362.0,49.74275992830261,50.0,0.5394442614735013,0.25724007169738883
363.0,49.770647644861306,50.0,0.5407167626414455,0.229352355138694
364.0,49.767498205765264,50.0,0.5472336002184812,0.23250179423473583
365.0,49.765574877330735,50.0,0.5520531299822438,0.23442512266926485
366.0,49.8748264171917,50.0,0.5380727042375387,0.12517358280830138
367.0,49.929995805621466,50.0,0.5366599568536925,0.07000419437853367
368.0,49.99567035467116,50.0,0.5296538368243032,0.004329645328837728
369.0,49.9719969885954,50.0,0.5370486294162444,0.02800301140459993
370.0,50.009382825348645,50.0,0.5300694290924965,-0.009382825348644985
371.0,50.08345013982036,50.0,0.5191596209629948,-0.0834501398203571
372.0,50.07663377037373,50.0,0.5223527666960996,-0.07663377037373209
373.0,50.10704152629513,50.0,0.5153099543096565,-0.1070415262951272
374.0,50.047456224713244,50.0,0.524819012848744,-0.047456224713243955
375.0,50.04202288696806,50.0,0.5218142906920658,-0.04202288696806278
376.0,50.09760424405906,50.0,0.5112533353599753,-0.0976042440590632
377.0,50.092374027314165,50.0,0.5129694551799767,-0.09237402731416466
378.0,50.10386912444629,50.0,0.5089062972839872,-0.10386912444629104
379.0,50.09039156161455,50.0,0.5096948553330631,-0.09039156161455253
380.0,50.064313908265106,50.0,0.511646347028591,-0.06431390826510608
381.0,50.06279664321868,50.0,0.5093141212537087,-0.06279664321868239
382.0,50.01045832474028,50.0,0.5168798392783427,-0.010458324740277192
383.0,50.132280089632644,50.0,0.49334405682791443,-0.13228008963264415
384.0,50.15743360628651,50.0,0.4925134454487228,-0.15743360628651004
385.0,50.20659765111336,50.0,0.4822645615351209,-0.2065976511133627
386.0,50.0399276756458,50.0,0.5089247065836822,-0.039927675645799354
387.0,50.07767831556296,50.0,0.49337504551147005,-0.07767831556296301
388.0,50.08460380324453,50.0,0.492531678290202,-0.08460380324453354
389.0,50.095900842581806,50.0,0.4892653799220536,-0.09590084258180553
390.0,50.07857193837988,50.0,0.4908581287516084,-0.07857193837988063
391.0,50.08234950861541,50.0,0.4877780578338748,-0.08234950861540824
392.0,49.98679299021655,50.0,0.502564554301149,0.013207009783450019
393.0,49.970889751384036,50.0,0.5007544191784025,0.02911024861596445
394.0,50.05177365412882,50.0,0.4867911987424822,-0.051773654128822955
395.0,50.009222825822484,50.0,0.49703356160922274,-0.009222825822483571
396.0,49.97304960849413,50.0,0.5008710106232763,0.02695039150587064
397.0,50.02952409289423,50.0,0.49000069523895934,-0.02952409289422775
398.0,50.10748060050792,50.0,0.478981331306752,-0.10748060050791963
399.0,50.11826777181119,50.0,0.4788957255557223,-0.11826777181119041
400.0,50.189500800690375,50.0,0.4649601137752005,-0.18950080069037512
401.0,50.176591676963525,50.0,0.46692630023891674,-0.1765916769635254
402.0,50.160569099684125,50.0,0.4654728486508019,-0.1605690996841247
403.0,50.083390682895974,50.0,0.47458066864713494,-0.08339068289597407
404.0,50.05849708569754,50.0,0.473285845673542,-0.058497085697538864
405.0,50.07694020788415,50.0,0.4677358933279455,-0.07694020788414946
406.0,50.04474233065894,50.0,0.47259288440787856,-0.0447423306589414
407.0,50.031803602961865,50.0,0.4722877276419422,-0.03180360296186535
408.0,50.0816870410165,50.0,0.46252453472856303,-0.08168704101650093
409.0,50.042400226740945,50.0,0.47006372423780934,-0.0424002267409449
410.0,50.06596671760093,50.0,0.4632450755430153,-0.06596671760092931
411.0,50.108249435584696,50.0,0.4559160036767555,-0.10824943558469613
412.0,50.08916225090998,50.0,0.45910997225895195,-0.08916225090997898
413.0,50.08397295563771,50.0,0.4572545482033018,-0.08397295563771223
414.0,50.07257303297023,50.0,0.4572536111804057,-0.07257303297023299
415.0,50.11563155667056,50.0,0.4479122053585719,-0.11563155667055725
416.0,49.98848285897987,50.0,0.4693677790175936,0.011517141020128463
417.0,49.94079638088462,50.0,0.47134738822965455,0.059203619115379524
418.0,49.81310936878966,50.0,0.49185392876334266,0.1868906312103391
419.0,49.78260566869022,50.0,0.4943930197997059,0.2173943313097766
420.0,49.76489738751638,50.0,0.5002261292204834,0.2351026124836224
421.0,49.798164113555075,50.0,0.498387423984885,0.20183588644492545
422.0,49.821131558520726,50.0,0.5001830123715576,0.17886844147927405
423.0,49.83038869773901,50.0,0.5033350397823173,0.1696113022609893
424.0,49.858912859917524,50.0,0.502341015218104,0.14108714008247603
425.0,49.79003990179798,50.0,0.5182973690090013,0.20996009820201778
426.0,49.8389773351711,50.0,0.5107335593936343,0.1610226648288986
427.0,50.00393486613322,50.0,0.4883581040953079,-0.003934866133221249
428.0,49.977221607968275,50.0,0.5010685372087903,0.022778392031725048
429.0,49.9313767180955,50.0,0.5079820734195493,0.06862328190450029
430.0,49.98884262025452,50.0,0.4972930911969665,0.011157379745476703
431.0,49.9885386311429,50.0,0.5004412120488029,0.011461368857098364
432.0,50.02270957651327,50.0,0.4948461792574009,-0.022709576513271656
433.0,50.11027479140252,50.0,0.48121444846448225,-0.11027479140251728
434.0,50.0690940183393,50.0,0.49038794480164116,-0.06909401833929962
435.0,50.10682433941598,50.0,0.4805328711986587,-0.10682433941597935
436.0,50.07678459594835,50.0,0.4853896568536707,-0.07678459594834663
437.0,50.00503738435937,50.0,0.49454900373144833,-0.005037384359368957
438.0,50.075632007999,50.0,0.4788598094460752,-0.07563200799899761
439.0,49.97423421400587,50.0,0.4981145254469087,0.025765785994131818
440.0,49.97069158241439,50.0,0.49416219883768625,0.02930841758561087
441.0,49.93463798030044,50.0,0.5007003479691965,0.06536201969956323
442.0,49.891100507456734,50.0,0.5076062786409196,0.10889949254326581
443.0,49.89883575136841,50.0,0.506292403384615,0.10116424863159068
444.0,49.838286532111276,50.0,0.5189958178265431,0.16171346788872398
445.0,49.91677124259361,50.0,0.5058602254394639,0.08322875740638835
446.0,49.82290859118311,50.0,0.527405686851494,0.17709140881689223
447.0,49.84969724308346,50.0,0.5217003116342467,0.15030275691653827
448.0,49.88053487028506,50.0,0.5208034027433233,0.11946512971493917
449.0,49.9224181551205,50.0,0.5176144282756767,0.07758184487949649
450.0,50.007368616547055,50.0,0.5068186509725251,-0.007368616547054785
451.0,50.03885619367368,50.0,0.5055659136013851,-0.03885619367368065
452.0,49.96921819710502,50.0,0.5182016280009148,0.030781802894978227
453.0,50.055234075553436,50.0,0.500712664894151,-0.05523407555343596
454.0,50.08633305858004,50.0,0.49862195019098066,-0.08633305858003837
455.0,50.09495577982505,50.0,0.4969843755590581,-0.09495577982504955
456.0,50.16053990848763,50.0,0.4843670941521693,-0.16053990848762822
457.0,50.11409121513032,50.0,0.4923317802862876,-0.11409121513032261
458.0,50.11585121091256,50.0,0.48742832203283554,-0.11585121091255957
459.0,50.20108413054909,50.0,0.47070970126548584,-0.20108413054909136
460.0,50.09217044986384,50.0,0.48946499035282276,-0.09217044986384337
461.0,50.08007714360678,50.0,0.48423175938498436,-0.08007714360677909
462.0,50.085484178208645,50.0,0.48110635531767837,-0.08548417820864529
463.0,50.05074089785814,50.0,0.4855733811431845,-0.050740897858140954
464.0,49.97335845626084,50.0,0.49597641424003763,0.026641543739160056
465.0,49.931215102521406,50.0,0.4998044931706595,0.06878489747859362
466.0,49.95154718251281,50.0,0.4956165698347208,0.04845281748718833
467.0,49.87712381623265,50.0,0.5102542024516629,0.1228761837673531
468.0,49.959875398693576,50.0,0.4949227887946437,0.04012460130642381
469.0,49.95844446747218,50.0,0.5001061182514566,0.0415555325278234
470.0,49.97775137868618,50.0,0.49758350743456264,0.022248621313821104
471.0,49.869581471964004,50.0,0.517382709564309,0.13041852803599596
472.0,49.95658140970441,50.0,0.49979259537305065,0.04341859029558748
473.0,50.0325697076455,50.0,0.4920929534159979,-0.032569707645500046
474.0,50.07991342880231,50.0,0.4871925415634851,-0.0799134288023069
475.0,50.11121679199881,50.0,0.48263988730187435,-0.11121679199880674
476.0,50.055071280813834,50.0,0.49152545652316854,-0.05507128081383428
477.0,50.025203043540245,50.0,0.4926943556841535,-0.025203043540244607
478.0,49.96295417879773,50.0,0.5012791899558965,0.037045821202269735
479.0,49.92681259973249,50.0,0.5050517315839065,0.07318740026750703
480.0,50.03135422701387,50.0,0.48693632399816056,-0.03135422701387114
481.0,50.090476336173495,50.0,0.481485562264816,-0.09047633617349504
482.0,50.11965680303596,50.0,0.47767146163270846,-0.1196568030359586
483.0,50.141988640961095,50.0,0.4729409364678392,-0.1419886409610953
484.0,50.12763563114141,50.0,0.4736577672142208,-0.12763563114140908
485.0,50.12685733311306,50.0,0.47051971476522797,-0.12685733311305825
486.0,50.153099428950185,50.0,0.46348249690923776,-0.1530994289501848
487.0,50.09737572134265,50.0,0.47120564341537113,-0.09737572134265093
488.0,50.087586320582616,50.0,0.46813614173734724,-0.0875863205826164
489.0,50.087032096174006,50.0,0.46598916343715696,-0.08703209617400631
490.0,49.932781065273424,50.0,0.4904434855463452,0.0672189347265757
491.0,49.84684277712174,50.0,0.4986848216816334,0.1531572228782565
492.0,49.862438429391496,50.0,0.49479979084575665,0.13756157060850427
493.0,49.91668444287073,50.0,0.48910898257994406,0.08331555712926786
494.0,49.82320494604623,50.0,0.5093791088566563,0.17679505395376793
495.0,49.88522791096382,50.0,0.4976971310585166,0.11477208903617964
496.0,49.86002836629667,50.0,0.5073776436785358,0.13997163370333254
497.0,49.89532140587259,50.0,0.5029172823913373,0.10467859412740665
498.0,50.013166802831286,50.0,0.486741788769704,-0.013166802831285906
499.0,50.00955075168398,50.0,0.4929854512560546,-0.009550751683981673
500.0,49.963329322291386,50.0,0.500471276661751,0.03667067770861365
501.0,49.92497748260026,50.0,0.5054134314937846,0.07502251739973786
502.0,49.90101990344478,50.0,0.5090690783136556,0.09898009655522344
503.0,49.907205456238664,50.0,0.508799257312025,0.092794543761336
504.0,49.868846518484695,50.0,0.5174854452451207,0.13115348151530526
505.0,49.852497340570345,50.0,0.5209699282331679,0.14750265942965513
506.0,49.9356510843515,50.0,0.5089663860832476,0.06434891564850176
507.0,49.86573165018813,50.0,0.5262973553930477,0.13426834981186886
508.0,49.88925211844017,50.0,0.5214882710782702,0.11074788155983128
509.0,49.92750973124693,50.0,0.5183754579449196,0.07249026875307152
510.0,49.884641795011795,50.0,0.5290256931202917,0.1153582049882047
511.0,49.83255441306722,50.0,0.5380443153388766,0.16744558693277867
512.0,49.84320310568656,50.0,0.5369785802350155,0.15679689431343746
513.0,49.893169491336096,50.0,0.5321526671918307,0.10683050866390431
514.0,49.952116044313094,50.0,0.5267666826414958,0.04788395568690618
515.0,49.95396641128032,50.0,0.5303571270196554,0.04603358871968055
516.0,50.03559843450012,50.0,0.5174928731950437,-0.03559843450012323
517.0,50.09670628448058,50.0,0.5104741711693533,-0.09670628448058238
518.0,50.12566834538605,50.0,0.5066718876248346,-0.1256683453860532
519.0,50.108302163432356,50.0,0.5085588746945157,-0.10830216343235577
520.0,50.100477630178545,50.0,0.5068546929813315,-0.1004776301785455
521.0,50.084193022720264,50.0,0.5072222969829779,-0.08419302272026385
522.0,50.021216616391314,50.0,0.51543019523158,-0.02121661639131389
523.0,50.0339118604821,50.0,0.5096988510918726,-0.0339118604820996
524.0,50.00452855118637,50.0,0.5146505386670444,-0.00452855118636819
525.0,50.04957207912819,50.0,0.5054334024284207,-0.04957207912818973
526.0,50.05460647988572,50.0,0.5058382891141677,-0.054606479885720205
527.0,50.05044635422878,50.0,0.5057051009160094,-0.0504463542287823
528.0,50.02912142319007,50.0,0.5081134058251681,-0.029121423190069606
529.0,50.06707373494741,50.0,0.5000128378106836,-0.06707373494740665
530.0,50.147312988498726,50.0,0.4869283055958781,-0.14731298849872587
531.0,50.04859063520209,50.0,0.5047768085638977,-0.04859063520208906
532.0,50.09789522366453,50.0,0.49048709815640923,-0.09789522366452985
533.0,50.0653587601169,50.0,0.4965256219093376,-0.06535876011690078
534.0,50.07561808973317,50.0,0.49184753749485266,-0.07561808973316886
535.0,50.03644638719441,50.0,0.4975073316125917,-0.036446387194409624
536.0,50.02679670737008,50.0,0.4964602643119014,-0.026796707370081663
537.0,50.01338148110998,50.0,0.4977224346375004,-0.013381481109981053
538.0,50.02350206193791,50.0,0.4950635449615476,-0.023502061937911378
539.0,49.975672044639715,50.0,0.5032306357048791,0.024327955360284648
540.0,49.97800095979832,50.0,0.5009297783702119,0.021999040201677644
541.0,50.00618929428965,50.0,0.49669418806865046,-0.006189294289647762
542.0,49.94365469541195,50.0,0.5086107007166323,0.056345304588049316
543.0,50.01461113999651,50.0,0.4945482812851332,-0.014611139996510758
544.0,49.93373344533767,50.0,0.5115530888064335,0.06626655466232734
545.0,49.932973870108924,50.0,0.5089636629556253,0.06702612989107593
546.0,49.8110746832193,50.0,0.530989068563245,0.18892531678069702
547.0,49.92101250365496,50.0,0.5099831860803167,0.07898749634504298
548.0,49.93365112457632,50.0,0.5149112614723683,0.06634887542367807
549.0,50.05264533436557,50.0,0.4966411543627376,-0.05264533436557173
550.0,50.06813893676592,50.0,0.4989040457568297,-0.06813893676591931
551.0,50.0282665973252,50.0,0.505094244846451,-0.028266597325199427
552.0,49.99740535027805,50.0,0.5077817079259264,0.002594649721949338
553.0,49.96154013705326,50.0,0.5123876248162219,0.038459862946737644
554.0,49.95012141018075,50.0,0.5133047449822444,0.04987858981925086
555.0,49.94024228326338,50.0,0.5154108320109564,0.05975771673661967
556.0,49.908464863065205,50.0,0.5215141914335102,0.09153513693479454
557.0,49.93528989402049,50.0,0.5171957678998985,0.06471010597950766
558.0,49.931331132654265,50.0,0.5205042109995117,0.06866886734573541
559.0,49.974215470309524,50.0,0.5143893128767209,0.025784529690476177
560.0,50.00035336784377,50.0,0.5126057777724713,-0.00035336784377193453
561.0,49.99802043204984,50.0,0.5143022043772765,0.001979567950158412
562.0,49.90875096550506,50.0,0.5294009582591965,0.09124903449494326
563.0,49.928691259139825,50.0,0.5233726157039456,0.07130874086017513
564.0,49.96468176852429,50.0,0.5196774186075289,0.035318231475713446
565.0,49.88349995099627,50.0,0.5359842176860297,0.1165000490037329
566.0,49.991933162357086,50.0,0.5158214818583642,0.008066837642914493
567.0,50.056706677485536,50.0,0.5103929816074267,-0.05670667748553626
568.0,50.17247494281805,50.0,0.4928169187076114,-0.17247494281804876
569.0,50.18317268373999,50.0,0.49333721716114615,-0.18317268373998985
570.0,50.17881896181393,50.0,0.49094878325987334,-0.1788189618139313
571.0,50.079200968892245,50.0,0.5040897767239785,-0.07920096889224482
572.0,50.03788679000186,50.0,0.5045482681114141,-0.037886790001863346
573.0,50.05795867233271,50.0,0.49831260337061384,-0.05795867233270968
574.0,50.0758501351931,50.0,0.49511547535423556,-0.07585013519310024
575.0,50.12206109128738,50.0,0.4866371832573658,-0.12206109128737808
576.0,50.18731433894695,50.0,0.4754134571342054,-0.1873143389469476
577.0,50.13590807068642,50.0,0.4836688983425348,-0.13590807068641908
578.0,50.12749739621357,50.0,0.47981023817616425,-0.12749739621357037
579.0,50.10261935223551,50.0,0.4810690240045211,-0.10261935223550722
580.0,50.120721270781395,50.0,0.4746954086081069,-0.12072127078139516
581.0,50.12666499706589,50.0,0.47217564565140974,-0.12666499706588752
582.0,50.11747493324959,50.0,0.4715018428730872,-0.11747493324958924
583.0,50.035059264883444,50.0,0.4827035046395253,-0.035059264883443575
584.0,50.04355709929831,50.0,0.47643690407302164,-0.04355709929831164
585.0,50.05376267493106,50.0,0.474255705950232,-0.053762674931057575
586.0,50.01246912080465,50.0,0.4807106354347369,-0.012469120804652789
587.0,49.91626091398775,50.0,0.4947519704711973,0.08373908601225111
588.0,49.96796180850731,50.0,0.4828271897822714,0.032038191492688384
589.0,49.93548118824037,50.0,0.491574703783484,0.06451881175963337
590.0,49.82638165528731,50.0,0.5097879696073497,0.17361834471269333
591.0,49.81550310640063,50.0,0.509654713164686,0.18449689359937338
592.0,49.74273206112701,50.0,0.5251718012888548,0.2572679388729924
593.0,49.83587922826781,50.0,0.5108435893886979,0.1641207717321933
594.0,49.830076304484194,50.0,0.5197698602235958,0.16992369551580566
595.0,49.80745503430901,50.0,0.5267238038745129,0.1925449656909919
596.0,49.850587575336725,50.0,0.5221111077048616,0.1494124246632751
597.0,49.964293903118815,50.0,0.5079259075265576,0.03570609688118509
598.0,49.94880363500964,50.0,0.5169586914318456,0.05119636499036062
599.0,49.971252101399806,50.0,0.5133918660398659,0.028747898600194333
600.0,49.927272567184325,50.0,0.5225657681480099,0.07272743281567529
601.0,49.95915712367803,50.0,0.5164009654896189,0.04084287632196748
602.0,49.98901837580462,50.0,0.513735637979224,0.010981624195380846
603.0,50.04072779343125,50.0,0.5066577320729333,-0.04072779343125177
604.0,50.024076897275926,50.0,0.5112592994320454,-0.024076897275925546
605.0,50.04921876717756,50.0,0.5056710987954833,-0.0492187671775568
606.0,50.07231180650219,50.0,0.5020180002618256,-0.07231180650219216
607.0,50.14956018123565,50.0,0.48859419239332585,-0.14956018123564974
608.0,50.11015350075036,50.0,0.49616454318778536,-0.11015350075035713
609.0,50.034158611265525,50.0,0.5049102703609352,-0.034158611265524996
610.0,49.9689983787171,50.0,0.5115045931946147,0.031001621282896963
611.0,49.976746920715605,50.0,0.5075493618531062,0.023253079284394573
612.0,49.978422156555254,50.0,0.5081170604459789,0.02157784344474578
613.0,49.99425206433819,50.0,0.505941294783757,0.005747935661808867
614.0,49.942317204561355,50.0,0.5156766750482021,0.05768279543864452
615.0,49.97307786443752,50.0,0.5090042757891851,0.026922135562479355
616.0,49.97502633028649,50.0,0.5107495122999183,0.02497366971351056
617.0,49.98883760690735,50.0,0.5089984919610901,0.011162393092646994
618.0,49.927838385244485,50.0,0.5202821713366738,0.0721616147555153
619.0,49.817628439372186,50.0,0.5374111333469316,0.18237156062781423
620.0,49.853107849519226,50.0,0.529516567540876,0.14689215048077386
621.0,49.9745997668282,50.0,0.5135747551153181,0.02540023317180129
622.0,49.9520544201154,50.0,0.5239900645853782,0.04794557988459758
623.0,49.96244622411314,50.0,0.5220551021678155,0.03755377588686315
624.0,49.98818475734641,50.0,0.518950217235783,0.011815242653590019
625.0,49.973911786715824,50.0,0.5228998537577181,0.026088213284175765
626.0,49.97501521653138,50.0,0.5225203864232274,0.024984783468617877
627.0,49.98727942401378,50.0,0.5209903383113705,0.012720575986222116
628.0,50.13433612788654,50.0,0.49685832054684487,-0.1343361278865416
629.0,50.18566704320934,50.0,0.49279817757787614,-0.18566704320934235
630.0,50.20285494326707,50.0,0.4887294394700155,-0.2028549432670701
631.0,50.152572739094985,50.0,0.4940797103168149,-0.15257273909498537
632.0,50.18249141219215,50.0,0.48342797089979306,-0.18249141219214948
633.0,50.15102153485405,50.0,0.4866239554582848,-0.15102153485405267
634.0,50.131524764177094,50.0,0.48534448190938184,-0.1315247641770938
635.0,50.04703043852231,50.0,0.49610318345330473,-0.047030438522313034
636.0,50.02390874029093,50.0,0.494868547099455,-0.02390874029092771
637.0,50.09749954555793,50.0,0.4807238504866767,-0.09749954555793039
638.0,50.06357113575488,50.0,0.48822122950538727,-0.06357113575487716
639.0,50.081310188524746,50.0,0.4822377473292593,-0.08131018852474625
640.0,50.0856695448199,50.0,0.48075740562708164,-0.08566954481990052
641.0,50.01691245402733,50.0,0.49095068798017877,-0.01691245402732733
642.0,49.975783796153365,50.0,0.49416645619857713,0.0242162038466347
643.0,50.1155957090461,50.0,0.4688263221900473,-0.11559570904609728
644.0,50.06148847068487,50.0,0.48270323417517036,-0.06148847068487129
645.0,49.98584126485396,50.0,0.4916281278346666,0.014158735146040158
646.0,49.955940307796475,50.0,0.49321210494581424,0.04405969220352546
647.0,49.89869664845485,50.0,0.5023296730250865,0.10130335154514825
648.0,49.94242800023053,50.0,0.49405922728704327,0.057571999769471915
649.0,49.997612138389975,50.0,0.4880159313841105,0.0023878616100247996
650.0,50.070280134646985,50.0,0.4784693361605916,-0.07028013464698546
651.0,50.15115721441072,50.0,0.466948029720667,-0.15115721441072338
652.0,50.14144608000614,50.0,0.4696196322694185,-0.14144608000614056
653.0,50.24591446172104,50.0,0.44854552905753314,-0.2459144617210427
654.0,50.2408489812395,50.0,0.44971179059071936,-0.24084898123950182
655.0,50.1714268507341,50.0,0.4564432991277705,-0.17142685073410036
656.0,50.186349072593124,50.0,0.4470068778717844,-0.18634907259312428
657.0,50.16403534396381,50.0,0.44781934137985646,-0.16403534396381048
658.0,50.01931201706582,50.0,0.46802591364177265,-0.019312017065821863
659.0,49.948732976699546,50.0,0.4724019438178237,0.051267023300454184
660.0,49.90751975314016,50.0,0.47690458027061505,0.09248024685984291
661.0,49.96534647846427,50.0,0.46686298072474336,0.03465352153573065
662.0,49.898718324516956,50.0,0.48177417359270686,0.1012816754830439
663.0,49.94416427426337,50.0,0.4727425879481114,0.055835725736628206
664.0,49.817047556165214,50.0,0.4977414420268516,0.18295244383478604
665.0,49.82890506293593,50.0,0.49302887884761754,0.17109493706406909
666.0,49.80471862958228,50.0,0.501155346597555,0.19528137041771743
667.0,49.76658564297394,50.0,0.5103342600616445,0.2334143570260565
668.0,49.70802544403245,50.0,0.5230511316918025,0.29197455596754907
669.0,49.75227896290176,50.0,0.5184395146562959,0.24772103709823767
670.0,49.731363652107476,50.0,0.529162214176755,0.26863634789252444
671.0,49.73054145866237,50.0,0.5336289484805585,0.26945854133762737
672.0,49.81971589182249,50.0,0.523817355997836,0.18028410817750995
673.0,49.748034395797454,50.0,0.5440676141436482,0.251965604202546
674.0,49.74762382895443,50.0,0.5455926477897612,0.25237617104556875
675.0,49.83257335747545,50.0,0.5361782230199489,0.16742664252455342
676.0,49.88842445566329,50.0,0.5342795456045571,0.11157554433670924
677.0,49.93789629082885,50.0,0.530893399422538,0.06210370917114716
678.0,50.083331055864086,50.0,0.5098851553082494,-0.08333105586408607
679.0,50.05110487745718,50.0,0.5209687227719039,-0.05110487745717762
680.0,50.013176911305116,50.0,0.5247830705482652,-0.013176911305116334
681.0,49.963924216773044,50.0,0.5309960920850121,0.03607578322695559
682.0,50.013558070563896,50.0,0.5208172178785029,-0.013558070563895797
683.0,49.98124729051718,50.0,0.528520581764709,0.018752709482818375
684.0,50.02795752580232,50.0,0.5193393569535558,-0.02795752580232147
685.0,50.09149644308637,50.0,0.510314102263478,-0.0914964430863705
686.0,50.12292811864248,50.0,0.506317734421415,-0.1229281186424771
687.0,50.13954674912941,50.0,0.5026055886435924,-0.13954674912940845
688.0,50.22580753617123,50.0,0.48598125138824094,-0.2258075361712315
689.0,50.2092573608425,50.0,0.4885916698227918,-0.2092573608424999
690.0,50.29813068327103,50.0,0.46847054902665464,-0.2981306832710331
691.0,50.37522053443509,50.0,0.45384632678477144,-0.37522053443508696
692.0,50.30263191074499,50.0,0.4625364746815885,-0.3026319107449922
693.0,50.317029650334476,50.0,0.45040678955197166,-0.31702965033447583
694.0,50.270819631209335,50.0,0.45264178677603034,-0.27081963120933494
695.0,50.29054129613828,50.0,0.441562210157666,-0.2905412961382794
696.0,50.26134106886796,50.0,0.4417015061173025,-0.2613410688679565
697.0,50.17311590996338,50.0,0.4500129503902055,-0.17311590996337856
698.0,50.14096074009403,50.0,0.4476057531234982,-0.14096074009403026
699.0,50.07887322010745,50.0,0.4537336582258694,-0.07887322010744668
700.0,50.079458029538834,50.0,0.4489524002210554,-0.0794580295388343
701.0,49.980430840125884,50.0,0.4642271023020497,0.019569159874116338
702.0,49.90683619611133,50.0,0.4721782155113589,0.09316380388867174
703.0,49.9235842678195,50.0,0.4675145871980155,0.07641573218050013
704.0,49.905557576284195,50.0,0.4729448429880358,0.09444242371580458
705.0,49.843116534808615,50.0,0.4845473339364353,0.15688346519138463
706.0,49.88695889883288,50.0,0.47710974928235894,0.11304110116711996
707.0,49.89308972336821,50.0,0.48052044933590793,0.10691027663178687
708.0,49.81476990082335,50.0,0.49627956592793704,0.1852300991766498
709.0,49.70619721989329,50.0,0.5145255325423369,0.29380278010670935
710.0,49.67082269245106,50.0,0.5209866237631472,0.3291773075489388
711.0,49.717029710658686,50.0,0.5179462504467184,0.2829702893413142
712.0,49.65882290276675,50.0,0.5358111644855548,0.34117709723324907
713.0,49.713284050854355,50.0,0.5304659708607303,0.2867159491456448
714.0,49.749104674054436,50.0,0.5328338413040097,0.25089532594556374
715.0,49.820437445932114,50.0,0.5275162077637197,0.17956255406788557
716.0,49.85326148598468,50.0,0.5290940106300248,0.14673851401531834
717.0,49.99080735359331,50.0,0.5102871854194925,0.00919264640668871
718.0,49.97286690842684,50.0,0.5203982074063583,0.02713309157316246
719.0,49.98707966274678,50.0,0.5176276787451077,0.012920337253220282
720.0,50.029270121226745,50.0,0.5114243452645753,-0.02927012122674455
721.0,50.12408593881169,50.0,0.496829776774598,-0.12408593881168883
722.0,50.11827972083749,50.0,0.5000759059332249,-0.11827972083749216
723.0,50.08675880420978,50.0,0.5027785564444764,-0.08675880420977933
724.0,50.14962444964053,50.0,0.4887801748056681,-0.1496244496405268
725.0,50.15447312327767,50.0,0.48810669356608094,-0.15447312327766838
726.0,50.22130962815443,50.0,0.4738974589533352,-0.22130962815442956
727.0,50.1877164801938,50.0,0.4785239267873918,-0.18771648019379938
728.0,50.16508746303909,50.0,0.47693687270178436,-0.16508746303909305
729.0,50.15175179784749,50.0,0.47477073566584,-0.1517517978474885
730.0,50.08077147660173,50.0,0.4831355710610885,-0.08077147660173267
731.0,50.02817374629367,50.0,0.48691273961913706,-0.028173746293667534
732.0,50.01198543951567,50.0,0.48647139033012016,-0.011985439515669327
733.0,49.99869472555242,50.0,0.4876816875746596,0.0013052744475814393
734.0,49.90456391514975,50.0,0.5030454951339021,0.0954360848502489
735.0,49.81959584513583,50.0,0.5146922482131404,0.1804041548641706
736.0,49.83616123497785,50.0,0.5112358115365839,0.1638387650221489
737.0,49.89630461297148,50.0,0.5051164820702116,0.1036953870285231
738.0,49.83886170684324,50.0,0.5199628527522638,0.16113829315676043
739.0,49.922813573973045,50.0,0.5060416558969202,0.07718642602695525
740.0,49.94294256842961,50.0,0.5083610487163339,0.057057431570392225
741.0,49.97972351815298,50.0,0.5042558856175967,0.020276481847020023
742.0,49.96421988105629,50.0,0.5091360810471434,0.03578011894371258
743.0,49.999237585663415,50.0,0.5031234917879712,0.0007624143365845271
744.0,50.175625635967435,50.0,0.4749036567533759,-0.1756256359674353
745.0,50.103959215096694,50.0,0.4923938380972543,-0.10395921509669392
746.0,49.92628041535928,50.0,0.5169367287071438,0.07371958464072037
747.0,50.00783205159062,50.0,0.4956634022537598,-0.007832051590618505
748.0,50.036762190928414,50.0,0.49466621934608923,-0.03676219092841393
749.0,50.0713835869468,50.0,0.4894918451712848,-0.07138358694680136
750.0,49.941196482963925,50.0,0.5119270509103572,0.05880351703607545
751.0,49.980338938494974,50.0,0.49993954861165646,0.01966106150502611
752.0,50.11019053041812,50.0,0.48021512199137417,-0.11019053041812299
753.0,50.087396019031175,50.0,0.4883789579149503,-0.08739601903117489
754.0,50.127580885029936,50.0,0.4786598847451901,-0.1275808850299356
755.0,50.2025842560156,50.0,0.4653669372769668,-0.20258425601559793
756.0,50.18907247653053,50.0,0.4673624232184001,-0.1890724765305265
757.0,50.08724512779446,50.0,0.4802160339986672,-0.08724512779446059
758.0,50.049803463359105,50.0,0.4797448469599852,-0.04980346335910468
759.0,50.00963051570783,50.0,0.4837060955717514,-0.009630515707833354
760.0,49.96529017605706,50.0,0.4890426956156627,0.03470982394293998
761.0,49.92659499427748,50.0,0.49409805601451146,0.0734050057225204
762.0,49.9364786135642,50.0,0.49195118176124075,0.06352138643580219
763.0,50.0501782410139,50.0,0.4743868537878429,-0.05017824101390289
764.0,49.900987061298224,50.0,0.5044307708917155,0.09901293870177597
765.0,49.887433536670564,50.0,0.5012555698666693,0.11256646332943632
766.0,49.9121277989636,50.0,0.4986311983120584,0.08787220103639726
767.0,49.92755703435001,50.0,0.4990003854317492,0.07244296564999075
768.0,49.84137053745052,50.0,0.5158724109869821,0.1586294625494773
769.0,49.86377916581821,50.0,0.5109262085704908,0.13622083418179187
770.0,49.83301792150821,50.0,0.5200004682052108,0.1669820784917917
771.0,49.85333294008569,50.0,0.5183484944013743,0.14666705991430717
772.0,49.91858152670355,50.0,0.5112053268034993,0.08141847329645202
773.0,49.942586437576,50.0,0.5120152907520047,0.05741356242400286
774.0,49.950871793983445,50.0,0.5129552969548409,0.04912820601655454
775.0,49.91393348459244,50.0,0.5206316414920152,0.08606651540755905
776.0,49.88101534436684,50.0,0.526102140168969,0.11898465563316307
777.0,49.955701727500085,50.0,0.5141392411376999,0.04429827249991547
778.0,49.92240507346478,50.0,0.5244199569303623,0.0775949265352196
779.0,50.00310047661843,50.0,0.5105888042231813,-0.0031004766184281607
780.0,50.005634344364886,50.0,0.5141308073315974,-0.005634344364885635
781.0,50.04598317568132,50.0,0.5072855125078284,-0.0459831756813216
782.0,50.08580734648936,50.0,0.5016131815226572,-0.08580734648936073
783.0,50.14526011367763,50.0,0.4917812727112662,-0.14526011367762948
784.0,50.082807035812564,50.0,0.5024657320341882,-0.08280703581256432
785.0,50.13016455941264,50.0,0.48963615841267055,-0.13016455941264127
786.0,50.136357131358665,50.0,0.4883480061735975,-0.13635713135866467
787.0,50.07137398037535,50.0,0.49697762781088917,-0.07137398037534837
788.0,50.10910508482157,50.0,0.4858867028983585,-0.10910508482157155
789.0,50.182378955739914,50.0,0.47313459836812005,-0.1823789557399138
790.0,50.18096110273732,50.0,0.4733917478096797,-0.1809611027373208
791.0,50.21832327985117,50.0,0.4633500629954493,-0.21832327985116962
792.0,50.27061130828009,50.0,0.4519627414212022,-0.2706113082800883
793.0,50.19116396518101,50.0,0.46267096500388927,-0.19116396518101197
794.0,50.1229112028487,50.0,0.46647828814180864,-0.12291120284869805
795.0,50.140772184152716,50.0,0.45757105914653584,-0.1407721841527163
796.0,50.22379633300763,50.0,0.4415345592233476,-0.2237963330076269
797.0,50.20777885101242,50.0,0.4439328119451257,-0.20777885101242077
798.0,50.184458521955754,50.0,0.4429408167647503,-0.1844585219557544
799.0,50.158135298861836,50.0,0.44256057779876795,-0.1581352988618363
800.0,50.02517187463426,50.0,0.4606854927855232,-0.025171874634260405
801.0,49.975717681294235,50.0,0.46194109694926355,0.02428231870576525
802.0,49.97075405770372,50.0,0.4607978496667647,0.02924594229627786
803.0,49.9520150543885,50.0,0.464320217896753,0.04798494561150335
804.0,49.99602273692653,50.0,0.45686166061175665,0.003977263073473125
805.0,49.949159901754975,50.0,0.4671082719792915,0.050840098245025445
806.0,49.89273050853041,50.0,0.47537492903378986,0.10726949146958731
807.0,49.963417267739004,50.0,0.462682100136493,0.036582732260995954
808.0,49.9861328218085,50.0,0.46308644855032766,0.01386717819149652
809.0,49.909750985597476,50.0,0.4774844819735071,0.09024901440252364
810.0,49.85023893743212,50.0,0.48558741863911736,0.14976106256788313
811.0,49.84947230407185,50.0,0.485737365153452,0.1505276959281474
812.0,49.857840523906404,50.0,0.487286990032128,0.14215947609359603
813.0,49.79527733587127,50.0,0.5011843325117004,0.20472266412873097
814.0,49.75053638017131,50.0,0.5097565888615111,0.24946361982868837
815.0,49.77482645907953,50.0,0.5083795000586903,0.2251735409204727
816.0,49.70852698746893,50.0,0.5253683849963122,0.29147301253107116
817.0,49.71330070581805,50.0,0.5270713395470532,0.2866992941819504
818.0,49.770273867710586,50.0,0.5233585738264172,0.2297261322894144
819.0,49.902609618272486,50.0,0.5083046769713092,0.09739038172751435
820.0,49.85503447341845,50.0,0.5249570467591408,0.14496552658155082
821.0,49.81637366284923,50.0,0.5320499378448371,0.18362633715076981
822.0,49.80186128042978,50.0,0.5362565290706975,0.1981387195702169
823.0,49.7895140425689,50.0,0.5415927147774803,0.21048595743110354
824.0,49.88137324636857,50.0,0.5295690073871139,0.11862675363143182
825.0,49.97694134265844,50.0,0.5202879262804475,0.023058657341557875
826.0,49.95421313850119,50.0,0.5293912989485055,0.045786861498811504
827.0,49.95893154988738,50.0,0.5283684960349662,0.04106845011261839
828.0,50.00690543955727,50.0,0.5212702243626468,-0.006905439557272075
829.0,49.99015367703953,50.0,0.5263786096830121,0.009846322960470388
830.0,50.06358599739272,50.0,0.513254453556292,-0.06358599739272108
831.0,50.03949195977765,50.0,0.5197503360206592,-0.0394919597776493
832.0,50.03544135545444,50.0,0.5184443976792986,-0.03544135545443794
833.0,50.09949863082998,50.0,0.5066433035402076,-0.09949863082997723
834.0,50.025545247189065,50.0,0.5204282699113401,-0.025545247189064924
835.0,50.05147146991692,50.0,0.5118122379217779,-0.05147146991691898
836.0,50.028196996283036,50.0,0.5160357801775923,-0.028196996283035958
837.0,49.99763875359468,50.0,0.5195030178272583,0.0023612464053215376
838.0,50.053428010285096,50.0,0.508538156983576,-0.053428010285095695
839.0,50.14403781746138,50.0,0.4948553923924264,-0.14403781746138122
840.0,49.99232010993295,50.0,0.5222971366818467,0.007679890067052497
841.0,50.08618298036656,50.0,0.4989081611330523,-0.08618298036655858
842.0,50.078409546854196,50.0,0.5031991287445031,-0.07840954685419632
843.0,50.128240443567385,50.0,0.49277101369055903,-0.1282404435673854
844.0,50.161258333211585,50.0,0.48708470841535684,-0.16125833321158467
845.0,50.129609560891694,50.0,0.4908907275277165,-0.1296095608916943
846.0,50.071243627136724,50.0,0.49663830643223306,-0.07124362713672383
847.0,50.11996904623813,50.0,0.4840118159545106,-0.11996904623813265
848.0,50.161806421167825,50.0,0.4769363522467708,-0.1618064211678245
849.0,50.16514470752962,50.0,0.47522458388839356,-0.1651447075296204
850.0,50.20718660353676,50.0,0.46494148173467686,-0.207186603536762
851.0,50.21180659168861,50.0,0.4621144464784851,-0.21180659168860672
852.0,50.10161532318858,50.0,0.4768418296973093,-0.10161532318858235
853.0,50.12889415223604,50.0,0.46466255887046815,-0.12889415223604317
854.0,50.074959524320086,50.0,0.47261750402383307,-0.07495952432008579
855.0,49.99750739188968,50.0,0.481588444654803,0.0024926081103231468
856.0,49.91156905307237,50.0,0.4923752077944312,0.08843094692763032
857.0,49.93056036831234,50.0,0.4866183862013232,0.06943963168765777
858.0,49.96852613715606,50.0,0.48250256389364266,0.031473862843938605
859.0,49.99768383278667,50.0,0.48007352133550396,0.002316167213329834
860.0,49.992412335496724,50.0,0.4824738840005919,0.0075876645032764145
861.0,49.936767952234156,50.0,0.4918216075807965,0.0632320477658439
862.0,49.913307659008225,50.0,0.4942922792213933,0.08669234099177459
863.0,49.94741562336822,50.0,0.4890547574387328,0.05258437663177773
864.0,49.926709460230654,50.0,0.4953318909227547,0.07329053976934574
865.0,49.93156565749369,50.0,0.49493684002654675,0.06843434250630764
866.0,49.88845699286983,50.0,0.5038768097258819,0.11154300713017307
867.0,49.87801581699699,50.0,0.5057272365356741,0.12198418300300773
868.0,49.931804772779806,50.0,0.49850073891901403,0.068195227220194
869.0,49.86810674425145,50.0,0.5133827561023794,0.13189325574855104
870.0,49.856012146525735,50.0,0.5148918014043039,0.14398785347426468
871.0,49.8983870081284,50.0,0.50996310211505,0.10161299187159756
872.0,49.937177176569406,50.0,0.5075197763976448,0.06282282343059364
873.0,49.97178094514912,50.0,0.5048331006297554,0.028219054850879388
874.0,49.88801181996366,50.0,0.5213684214372872,0.11198818003634159
875.0,49.94643666126641,50.0,0.509487505757273,0.053563338733589205
876.0,50.00840844538658,50.0,0.5029448112966539,-0.008408445386578478
877.0,49.986672518103184,50.0,0.5095703392331079,0.013327481896816096
878.0,50.0356057592159,50.0,0.500431441517713,-0.03560575921589759
879.0,50.074170523875175,50.0,0.4956099783969537,-0.07417052387517487
880.0,50.06235878837004,50.0,0.4980628011882868,-0.06235878837004094
881.0,50.07328023177014,50.0,0.4943683932676122,-0.07328023177014131
882.0,50.0327251698583,50.0,0.5003432213272271,-0.03272516985830265
883.0,50.12881731952958,50.0,0.4813252993903517,-0.1288173195295812
884.0,50.07451217336714,50.0,0.49278543533093905,-0.07451217336713967
885.0,50.06053524510153,50.0,0.49095601236062725,-0.06053524510153352
886.0,50.037626243836776,50.0,0.492940991260325,-0.03762624383677604
887.0,50.01828738770377,50.0,0.4943306218629623,-0.01828738770377214
888.0,50.03368059262158,50.0,0.49038108646620954,-0.03368059262157885
889.0,49.999203658745614,50.0,0.49633821361858227,0.0007963412543858794
890.0,49.99394052741205,50.0,0.4955250260765776,0.006059472587949699
891.0,49.955820321504795,50.0,0.5018634939658917,0.044179678495204655
892.0,50.00078368612255,50.0,0.49319730525541433,-0.0007836861225527514
893.0,49.90903197937613,50.0,0.5110275899107428,0.090968020623869
894.0,49.92282558082415,50.0,0.5059144527397353,0.07717441917584722
895.0,49.93259609569465,50.0,0.5064866336676691,0.06740390430535115
896.0,49.9055621635167,50.0,0.5129190059675525,0.0944378364833014
897.0,49.80001020354442,50.0,0.5313998992836089,0.1999897964555828
898.0,49.820484156734956,50.0,0.5266415251717148,0.17951584326504388
899.0,49.85518691295531,50.0,0.5253560711390822,0.14481308704468887
900.0,49.84978509592969,50.0,0.5309057795853495,0.15021490407031024
901.0,49.822153598214186,50.0,0.5383373414271102,0.17784640178581412
902.0,49.92568407832219,50.0,0.5229125129586903,0.0743159216778082
903.0,49.945759358311584,50.0,0.5261625577994502,0.05424064168841625
904.0,50.06423281771919,50.0,0.5081106465333954,-0.0642328177191871
905.0,49.93353384448923,50.0,0.5349684885984841,0.06646615551076707
906.0,50.01506185410677,50.0,0.5159031014122207,-0.015061854106768635
907.0,49.84784925102562,50.0,0.548104407334757,0.1521507489743783
908.0,49.88203973617595,50.0,0.5369744096846321,0.11796026382405245
909.0,49.81459923425535,50.0,0.5525080245451314,0.18540076574465303
910.0,49.74939587688334,50.0,0.5639285855172353,0.25060412311665914
911.0,49.79900954784407,50.0,0.557246176047644,0.2009904521559278
912.0,49.8152498829336,50.0,0.5609858116735794,0.18475011706640032
913.0,49.80364905561857,50.0,0.5674649714129387,0.19635094438142886
914.0,49.86784106671314,50.0,0.5598993070487391,0.1321589332868598
915.0,49.87589018086631,50.0,0.5643837368631665,0.12410981913369312
916.0,49.940995963726074,50.0,0.5562004058673382,0.05900403627392592
917.0,50.0274564495472,50.0,0.5459374931462133,-0.027456449547202055
918.0,50.06149728317615,50.0,0.5439244467294042,-0.061497283176151996
919.0,50.00997249059159,50.0,0.5531557574867035,-0.009972490591593441
920.0,50.11432096161719,50.0,0.5326408279712925,-0.11432096161718874
921.0,50.129865785551246,50.0,0.5329292122214387,-0.12986578555124595
922.0,50.20373315692095,50.0,0.5185516845742677,-0.20373315692094707
923.0,50.197677787128065,50.0,0.5191998028691238,-0.1976777871280646
924.0,50.19790627002753,50.0,0.5149046365440091,-0.1979062700275307
925.0,50.25968625703355,50.0,0.5004553374974084,-0.2596862570335503
926.0,50.20762087603626,50.0,0.5072017264765779,-0.207620876036259
927.0,50.126862316173835,50.0,0.5141749950826002,-0.1268623161738347
928.0,50.145661211849976,50.0,0.5044040085010583,-0.14566121184997627
929.0,50.17279718889543,50.0,0.49781761295013877,-0.17279718889543005
930.0,50.16440871679049,50.0,0.4971445082823426,-0.16440871679048996
931.0,50.16322358577142,50.0,0.49363838261452786,-0.16322358577141927
932.0,50.137345130616886,50.0,0.49471399172441655,-0.13734513061688602
933.0,50.134226037833,50.0,0.49120341212761237,-0.13422603783300247
934.0,50.21300039864408,50.0,0.4749712953938755,-0.21300039864407694
935.0,50.18804118013575,50.0,0.4788930726079636,-0.18804118013574822
936.0,50.17649478606189,50.0,0.4758471750723885,-0.1764947860618875
937.0,50.13970893268045,50.0,0.47799355472230226,-0.13970893268044904
938.0,50.06217831110301,50.0,0.4865402890677858,-0.0621783111030112
939.0,50.08557961605952,50.0,0.47744196992424737,-0.08557961605951903
940.0,50.08964049443606,50.0,0.4762100935268702,-0.08964049443606115
941.0,50.055627244255774,50.0,0.4804025800876249,-0.055627244255774144
942.0,50.01496726441175,50.0,0.48450156926697885,-0.014967264411751557
943.0,50.007575324756175,50.0,0.4834258547279907,-0.00757532475617495
944.0,49.927081919692995,50.0,0.496588630110829,0.07291808030700508
945.0,49.94402604310827,50.0,0.49114182048321275,0.05597395689172657
946.0,49.94164922525097,50.0,0.49351256482755285,0.058350774749030165
947.0,49.9217812640966,50.0,0.49793829282591084,0.07821873590339834
948.0,49.9444804085549,50.0,0.4946504149283493,0.05551959144509766
949.0,49.949254716817734,50.0,0.4960841315754849,0.05074528318226612
950.0,49.962095861994015,50.0,0.49515475797230396,0.03790413800598458
951.0,49.98372661802071,50.0,0.4928776694666995,0.01627338197928907
952.0,49.915635324847074,50.0,0.5058601947471384,0.08436467515292634
953.0,49.785023067493206,50.0,0.5263470073416725,0.21497693250679362
954.0,49.786916303426345,50.0,0.5237940830154814,0.2130836965736549
955.0,49.75823550101606,50.0,0.53302615515336,0.24176449898394026
956.0,49.754547566515484,50.0,0.5370543538776225,0.24545243348451606
957.0,49.80776165416562,50.0,0.5327326109217614,0.19223834583438304
958.0,49.83929426915141,50.0,0.5338775376733709,0.16070573084859063
959.0,49.9218463544362,50.0,0.5246344285412183,0.07815364556380189
960.0,49.98327533694152,50.0,0.5198821786908295,0.016724663058482747
961.0,50.00463666110146,50.0,0.5196566959700751,-0.004636661101457662
962.0,50.07538563519429,50.0,0.5086047033602621,-0.0753856351942872
963.0,50.04487069795206,50.0,0.5158219786921969,-0.04487069795205656
964.0,49.9764388347252,50.0,0.5250322346196098,0.023561165274799123
965.0,49.95938174271812,50.0,0.5249815704049664,0.040618257281877845
966.0,50.09137667156477,50.0,0.5025019430463205,-0.09137667156476681
967.0,49.99991398203656,50.0,0.5228228132771525,8.601796344009927e-05
968.0,50.03140297915231,50.0,0.5128982696503332,-0.03140297915231116
969.0,50.060498445843464,50.0,0.5088984305855785,-0.06049844584346431
970.0,50.095503324223706,50.0,0.5031924056786257,-0.09550332422370644
971.0,50.035050069296595,50.0,0.5133096364507727,-0.035050069296595154
972.0,50.045693248289716,50.0,0.5077766318896546,-0.04569324828971588
973.0,49.99214080782224,50.0,0.5164988407529875,0.007859192177761543
974.0,50.00088503498261,50.0,0.5124918839559058,-0.0008850349826090564
975.0,50.04481274729207,50.0,0.5054436835216638,-0.0448127472920703
976.0,50.084659633433816,50.0,0.49996984354719876,-0.08465963343381588
977.0,50.18364622180722,50.0,0.4834412751621306,-0.1836462218072228
978.0,50.207692394659254,50.0,0.48062983075981097,-0.20769239465925438
979.0,50.06638283431641,50.0,0.5017009167675116,-0.06638283431640701
980.0,50.15774444506901,50.0,0.4777763082360991,-0.15774444506900664
981.0,50.12700363983079,50.0,0.48441543676284593,-0.12700363983078944
982.0,50.17537257214298,50.0,0.4721156052112463,-0.17537257214298307
983.0,50.03410348555748,50.0,0.4950423451035318,-0.03410348555748044
984.0,50.07467031105924,50.0,0.48040046072780734,-0.07467031105924349
985.0,50.01033965667833,50.0,0.49187160702646543,-0.010339656678333142
986.0,49.99789899655584,50.0,0.4905631933946771,0.002101003444160199
987.0,50.02351667324276,50.0,0.48562817542065917,-0.023516673242760078
988.0,50.01255119399069,50.0,0.48830285726300215,-0.012551193990688603
989.0,50.02532973273364,50.0,0.4853312078342833,-0.025329732733638366
990.0,49.91639621403569,50.0,0.5039822382954087,0.08360378596430706
991.0,49.907913321679764,50.0,0.5016497297803054,0.09208667832023565
992.0,49.92738787412696,50.0,0.499756644812891,0.072612125873043
993.0,49.833148254528595,50.0,0.5182033502844331,0.1668517454714049
994.0,49.88208170967252,50.0,0.5085097168394759,0.11791829032748069
995.0,49.88907135954014,50.0,0.5121265149257264,0.11092864045986062
996.0,49.94719221550344,50.0,0.5048140247145432,0.052807784496557986
997.0,49.93787812215887,50.0,0.5103596190712164,0.06212187784112899
998.0,49.89256913510936,50.0,0.518838879759227,0.10743086489063813
999.0,49.874639977350014,50.0,0.5217700045236533,0.12536002264998558
